-- MySQL dump 10.13  Distrib 8.0.32, for Win64 (x86_64)
--
-- Host: 127.0.0.1    Database: electronics_sd
-- ------------------------------------------------------
-- Server version	8.0.32

/*!40101 SET @OLD_CHARACTER_SET_CLIENT=@@CHARACTER_SET_CLIENT */;
/*!40101 SET @OLD_CHARACTER_SET_RESULTS=@@CHARACTER_SET_RESULTS */;
/*!40101 SET @OLD_COLLATION_CONNECTION=@@COLLATION_CONNECTION */;
/*!50503 SET NAMES utf8 */;
/*!40103 SET @OLD_TIME_ZONE=@@TIME_ZONE */;
/*!40103 SET TIME_ZONE='+00:00' */;
/*!40014 SET @OLD_UNIQUE_CHECKS=@@UNIQUE_CHECKS, UNIQUE_CHECKS=0 */;
/*!40014 SET @OLD_FOREIGN_KEY_CHECKS=@@FOREIGN_KEY_CHECKS, FOREIGN_KEY_CHECKS=0 */;
/*!40101 SET @OLD_SQL_MODE=@@SQL_MODE, SQL_MODE='NO_AUTO_VALUE_ON_ZERO' */;
/*!40111 SET @OLD_SQL_NOTES=@@SQL_NOTES, SQL_NOTES=0 */;

--
-- Table structure for table `brands`
--

DROP TABLE IF EXISTS `brands`;
/*!40101 SET @saved_cs_client     = @@character_set_client */;
/*!50503 SET character_set_client = utf8mb4 */;
CREATE TABLE `brands` (
  `id` int NOT NULL AUTO_INCREMENT,
  `name` varchar(100) NOT NULL,
  PRIMARY KEY (`id`)
) ENGINE=InnoDB AUTO_INCREMENT=18 DEFAULT CHARSET=utf8mb4 COLLATE=utf8mb4_0900_ai_ci;
/*!40101 SET character_set_client = @saved_cs_client */;

--
-- Dumping data for table `brands`
--

LOCK TABLES `brands` WRITE;
/*!40000 ALTER TABLE `brands` DISABLE KEYS */;
INSERT INTO `brands` VALUES (1,'HP'),(2,'Asus'),(3,'Lenovo'),(4,'Dell'),(6,'Samsung'),(7,'Philips'),(8,'LG'),(9,'Redragon'),(10,'Logitech'),(11,'T-dagger'),(12,'Noga'),(13,'Genius'),(14,'Microsoft'),(15,'Razer'),(16,'Kingston'),(17,'Sandisk');
/*!40000 ALTER TABLE `brands` ENABLE KEYS */;
UNLOCK TABLES;

--
-- Table structure for table `categories`
--

DROP TABLE IF EXISTS `categories`;
/*!40101 SET @saved_cs_client     = @@character_set_client */;
/*!50503 SET character_set_client = utf8mb4 */;
CREATE TABLE `categories` (
  `id` int NOT NULL AUTO_INCREMENT,
  `name` varchar(255) NOT NULL,
  PRIMARY KEY (`id`)
) ENGINE=InnoDB AUTO_INCREMENT=7 DEFAULT CHARSET=utf8mb4 COLLATE=utf8mb4_0900_ai_ci;
/*!40101 SET character_set_client = @saved_cs_client */;

--
-- Dumping data for table `categories`
--

LOCK TABLES `categories` WRITE;
/*!40000 ALTER TABLE `categories` DISABLE KEYS */;
INSERT INTO `categories` VALUES (1,'NOTEBOOK'),(2,'PC-ESCRITORIO'),(3,'MONITOR'),(4,'TECLADO'),(5,'MOUSE'),(6,'ALMACENAMIENTO');
/*!40000 ALTER TABLE `categories` ENABLE KEYS */;
UNLOCK TABLES;

--
-- Table structure for table `order_details`
--

DROP TABLE IF EXISTS `order_details`;
/*!40101 SET @saved_cs_client     = @@character_set_client */;
/*!50503 SET character_set_client = utf8mb4 */;
CREATE TABLE `order_details` (
  `id_order` varchar(50) NOT NULL,
  `id_product` varchar(50) NOT NULL,
  `amount` int NOT NULL,
  PRIMARY KEY (`id_order`,`id_product`),
  KEY `id_product` (`id_product`),
  CONSTRAINT `order_details_ibfk_1` FOREIGN KEY (`id_order`) REFERENCES `purchase_orders` (`id_order`),
  CONSTRAINT `order_details_ibfk_2` FOREIGN KEY (`id_product`) REFERENCES `products` (`id_product`)
) ENGINE=InnoDB DEFAULT CHARSET=utf8mb4 COLLATE=utf8mb4_0900_ai_ci;
/*!40101 SET character_set_client = @saved_cs_client */;

--
-- Dumping data for table `order_details`
--

LOCK TABLES `order_details` WRITE;
/*!40000 ALTER TABLE `order_details` DISABLE KEYS */;
/*!40000 ALTER TABLE `order_details` ENABLE KEYS */;
UNLOCK TABLES;

--
-- Table structure for table `order_states`
--

DROP TABLE IF EXISTS `order_states`;
/*!40101 SET @saved_cs_client     = @@character_set_client */;
/*!50503 SET character_set_client = utf8mb4 */;
CREATE TABLE `order_states` (
  `id` int NOT NULL AUTO_INCREMENT,
  `name` varchar(10) NOT NULL,
  PRIMARY KEY (`id`)
) ENGINE=InnoDB AUTO_INCREMENT=4 DEFAULT CHARSET=utf8mb4 COLLATE=utf8mb4_0900_ai_ci;
/*!40101 SET character_set_client = @saved_cs_client */;

--
-- Dumping data for table `order_states`
--

LOCK TABLES `order_states` WRITE;
/*!40000 ALTER TABLE `order_states` DISABLE KEYS */;
INSERT INTO `order_states` VALUES (1,'INICIADA'),(2,'DEMORADA'),(3,'FINALIZADA');
/*!40000 ALTER TABLE `order_states` ENABLE KEYS */;
UNLOCK TABLES;

--
-- Table structure for table `product_statuses`
--

DROP TABLE IF EXISTS `product_statuses`;
/*!40101 SET @saved_cs_client     = @@character_set_client */;
/*!50503 SET character_set_client = utf8mb4 */;
CREATE TABLE `product_statuses` (
  `id` int NOT NULL AUTO_INCREMENT,
  `name` varchar(100) NOT NULL,
  PRIMARY KEY (`id`)
) ENGINE=InnoDB AUTO_INCREMENT=4 DEFAULT CHARSET=utf8mb4 COLLATE=utf8mb4_0900_ai_ci;
/*!40101 SET character_set_client = @saved_cs_client */;

--
-- Dumping data for table `product_statuses`
--

LOCK TABLES `product_statuses` WRITE;
/*!40000 ALTER TABLE `product_statuses` DISABLE KEYS */;
INSERT INTO `product_statuses` VALUES (1,'DISPONIBLE'),(2,'PAUSADO'),(3,'NO DISPONIBLE');
/*!40000 ALTER TABLE `product_statuses` ENABLE KEYS */;
UNLOCK TABLES;

--
-- Table structure for table `products`
--

DROP TABLE IF EXISTS `products`;
/*!40101 SET @saved_cs_client     = @@character_set_client */;
/*!50503 SET character_set_client = utf8mb4 */;
CREATE TABLE `products` (
  `id_product` varchar(50) NOT NULL,
  `name` varchar(200) NOT NULL,
  `id_brand` int NOT NULL,
  `characteristics` varchar(1000) NOT NULL,
  `price` decimal(10,2) NOT NULL,
  `discount` int DEFAULT NULL,
  `warranty` int DEFAULT NULL,
  `shipping` tinyint(1) DEFAULT '0',
  `stock` int NOT NULL,
  `id_category` int NOT NULL,
  `id_state` int NOT NULL,
  `description` varchar(3000) DEFAULT NULL,
  `visualizations` int NOT NULL DEFAULT '0',
  `image` varchar(50) NOT NULL,
  PRIMARY KEY (`id_product`),
  KEY `id_brand` (`id_brand`),
  KEY `id_category` (`id_category`),
  KEY `id_state` (`id_state`),
  CONSTRAINT `products_ibfk_1` FOREIGN KEY (`id_brand`) REFERENCES `brands` (`id`),
  CONSTRAINT `products_ibfk_2` FOREIGN KEY (`id_category`) REFERENCES `categories` (`id`),
  CONSTRAINT `products_ibfk_3` FOREIGN KEY (`id_state`) REFERENCES `product_statuses` (`id`)
) ENGINE=InnoDB DEFAULT CHARSET=utf8mb4 COLLATE=utf8mb4_0900_ai_ci;
/*!40101 SET character_set_client = @saved_cs_client */;

--
-- Dumping data for table `products`
--

LOCK TABLES `products` WRITE;
/*!40000 ALTER TABLE `products` DISABLE KEYS */;
INSERT INTO `products` VALUES ('01b393b6-ad55-4142-8cd8-8d8c0d6650f1','Disco sólido interno Samsung 980 PRO MZ-V8P1T0B 1TB negro',6,'• Útil para guardar programas y documentos con su capacidad de 1 TB.\r\n• Más espacio en tu PC con su factor de forma M.2 2280.\r\n• Interfaz de conexión: PCIe 4.0.\r\n• Apto para PC.\r\n• Incrementa el rendimiento de tu equipo.\r\n• El Samsung 980 PRO MZ-V8P1T0B 1 TB ofrece una capacidad de almacenamiento de 1 TB, ideal para guardar grandes volúmenes de datos en tu PC.',138391.00,0,12,1,12,6,1,'Considerada una de las marcas más innovadoras en el rubro de electrónica, Samsung ofrece productos de calidad y se destaca por su especialización en unidades de almacenamiento.\r\nEl 980 PRO MZ-V8P1T0B está adaptado para que puedas acceder de forma rápida a tus documentos digitales gracias a su tecnología en estado sólido.\r\n\r\nMás velocidad a tu alcance\r\nEste disco transfiere datos a través de una interfaz PCIe 4.0, lo que te brindará trasmitir una mayor cantidad de información de una sola vez.',0,'1710911455745_img.png'),('03ae41a7-7137-4dc9-a36d-3674593d6eb0','Notebook Lenovo IdeaPad 14IGL7 cloud gray 14\", Intel Pentium Silver N5030 4GB de RAM 128GB SSD, Intel UHD Graphics 605 1366x768px Windows 11 Home',3,'• Procesador Intel Pentium Silver.\r\n• Memoria RAM de 4GB.\r\n• Resolución de 1366x768 px.\r\n• Es antirreflejo.\r\n• Placa de video Intel UHD Graphics 605.\r\n• Conexión wifi y bluetooth.\r\n• Cuenta con 3 puertos USB y puerto HDMI.\r\n• Incluye lector de tarjeta de memoria.\r\n• Modo de sonido HD Audio.\r\n',640609.03,30,6,1,2,1,1,'La notebook Lenovo IdeaPad 1 fue pensada para hacer tu vida más sencilla. Su diseño elegante e innovador y su comodidad para transportarla, la convertirá en tu PC favorita. Cualquier tarea que te propongas, ya sea en casa o en la oficina, la harás con facilidad gracias a su poderoso rendimiento.\r\n\r\nPantalla con gran impacto visual\r\nSu pantalla de 14\" y 1366x768 px de resolución te brindará colores más vivos y definidos. Tus películas y series preferidas cobrarán vida, ya que ganarán calidad y definición en cada detalle.\r\n\r\nEficiencia a tu alcance\r\nSu procesador Intel Pentium Silver de 4 núcleos, te permitirá ejecutar programas variados y procesos indispensables para desenvolverte en el día a día, ya sea en tu trabajo o en los momentos de ocio en tu hogar.\r\n\r\nPotente disco sólido\r\nEl disco sólido de 128 GB hace que el equipo funcione a gran velocidad y por lo tanto te brinda mayor agilidad para operar con diversos programas.\r\n\r\nUn procesador exclusivo para los gráficos\r\nSu placa de video Intel UHD Graphics 605 convierte a este dispositivo en una gran herramienta de trabajo para cualquier profesional del diseño. Te permitirá lograr una gran performance en todos tus juegos y en otras tareas cotidianas que impliquen procesamiento gráfico.\r\n',0,'1708025943379_img.png'),('1d93b6d0-2223-410d-9b99-48f6b72f498e','Notebook Gamer ASUS TUF Gaming F15 FX506LHB-HN324W i5 16GB 512GB GTX1650',2,'• Procesador Intel Core i5.\r\n• Memoria RAM de 16GB.\r\n• Pantalla FHD de 15.6\".\r\n• Resolución de 1920x1080 px.\r\n• Es antirreflejo.\r\n• Placa de video NVIDIA GeForce GTX 1650.\r\n• Conexión wifi y bluetooth.\r\n• Cuenta con 4 puertos USB y puerto HDMI.\r\n• Modo de sonido Stereo.\r\n• Con teclado retroiluminado.\r\n',1869999.00,45,12,1,2,1,1,'Disfrutá de la perfecta combinación de rendimiento y diseño con esta notebook Asus TUF Gaming F15 FX506LHB. Encontrarás en ella una excelente herramienta para tus trabajos de todos los días y para tus momentos de entretenimiento. Aprovechá la experiencia extraordinaria que la marca tiene para ofrecerte y optimizá la calidad de tus imágenes y videos.\r\n\r\nPantalla con gran impacto visual\r\nSu pantalla FHD de 15.6\" y 1920x1080 px de resolución te brindará colores más vivos y definidos. Tus películas y series preferidas cobrarán vida, ya que ganarán calidad y definición en cada detalle.\r\n\r\nEficiencia a tu alcance\r\nSu procesador Intel Core i5 de 4 núcleos, está pensado para aquellas personas generadoras y consumidoras de contenidos. Con esta unidad central, la máquina llevará a cabo varios procesos de forma simultánea, desde edición de videos hasta retoques fotográficos con programas profesionales.\r\n\r\nPotente disco sólido\r\nEl disco sólido de 512 GB hace que el equipo funcione a gran velocidad y por lo tanto te brinda mayor agilidad para operar con diversos programas.\r\n\r\nUn procesador exclusivo para los gráficos\r\nSu placa de video NVIDIA GeForce GTX 1650 convierte a este dispositivo en una gran herramienta de trabajo para cualquier profesional del diseño. Te permitirá lograr una gran performance en todos tus juegos y en otras tareas cotidianas que impliquen procesamiento gráfico.\r\n',2,'1708025797262_img.png'),('1ea46588-9850-47ae-864e-c9ab8fed18e9','Notebook HP 15-DY5001LA Intel Core i5-1235U 8GB RAM 512GB SSD 15,6” Full HD',1,'•	Procesador Intel Core i5.\r\n•	Memoria RAM de 8GB.\r\n•	Resolución de 1920x1080 px.\r\n•	Es antirreflejo.\r\n•	Placa de video Intel Iris Xe.\r\n•	Conexión wifi y bluetooth.\r\n•	Cuenta con 2 puertos USB y puerto HDMI.\r\n•	Incluye lector de tarjeta de memoria.\r\n•	Posee pad numérico.\r\n',1499999.00,10,12,1,77,1,1,'Una laptop liviana para trabajar o jugar, dondequiera que la necesites.\r\n\r\nRealiza todo lo que necesitas hacer, todo el día y dondequiera que prefieras, gracias a la laptop HP de 15,6 pulgadas que tiene un diseño liviano y una batería de larga duración1. Disfruta de la comodidad que te ofrece la pantalla libre de parpadeo2 y obtén desempeño confiable gracias a Intel Core i5. Además, esta laptop fue fabricada teniendo en cuenta el planeta y cuenta con el registro EPEAT Silver4 y la certificación ENERGY STAR.\r\n\r\nMantente productivo y entretenido desde cualquier lugar gracias a la batería de larga duración y la pantalla con microbordes.\r\n',3,'1708025310630_img.png'),('231701c1-cd1d-42e9-8381-be79b20734a2','Teclado Gamer T-dagger Arena T-tgk321 Brown Español Rainbow Color del teclado Negro Idioma Español Latinoamérica',11,'• Resiste a salpicaduras.\r\n• Función antighosting incorporada.\r\n• Tipo de teclado: mecánico.\r\n• Tecla cilíndrica.\r\n• Con conector USB 2.0.\r\n• Con cable removible.\r\n• Medidas: 293mm de ancho, 104mm de alto y 35mm de profundidad.',36990.00,7,12,1,341,4,1,'Este teclado T-Dagger de alto rendimiento permite que puedas disfrutar de horas ilimitadas de juegos. Está diseñado especialmente para que puedas expresar tanto tus habilidades como tu estilo. Podrás mejorar tu experiencia de gaming, ya seas un aficionado o todo un experto y hacer que tus jugadas alcancen otro nivel.\r\n\r\nDistinción a todo color\r\nSu retroiluminación le da un toque diferente a tu equipo y resalta su composición cuando es utilizado en espacios poco iluminados.\r\n\r\nTecnología antighosting\r\nEste dispositivo tiene teclas antighosting. Esta cualidad es indispensable si requerís de un uso intensivo del periférico. Gracias a esto podrás evitar fallas al tocar varias teclas al mismo tiempo.',0,'1710909285846_img.png'),('24243b1d-1b46-4f8e-8acc-3a0a356a3eeb','Monitor Samsung Odyssey G4 27\'\' Fhd 240hz Con Panel Ips Color Negro',6,'• Voltaje: 100V/240V\r\n• Tamaño de la pantalla: 27 \"\r\n• Pantalla LCD de 27\".\r\n• Tiene una resolución de 1920px-1080px.\r\n• Relación de aspecto de 16:9.\r\n• Panel IPS.\r\n• Su brillo es de 400cd/m².\r\n• Con conexión Jack 3.5 mm.\r\n• Es giratorio y reclinable.\r\n• Comodidad visual en todo momento.',669999.00,30,12,1,25,3,1,'Resolución FHD | Panel IPS:\r\n\r\nExperimenta tus juegos con una calidad visual excepcional. El panel IPS ofrece colores vivos y un amplio ángulo de visión de 178º, asegurando claridad desde cualquier perspectiva.\r\n\r\nTasa de refresco de 240Hz y 1ms de tiempo de respuesta:\r\n\r\nDisfruta de escenas fluidas y sin retardo. La alta tasa de refresco proporciona una experiencia de juego dinámica, mientras que el tiempo de respuesta de 1ms mantiene la acción nítida y sin desenfoques.\r\n\r\nSoporte ergonómico:\r\n\r\nAjusta el monitor a tu preferencia. Gira, inclina y modifica la altura para una experiencia de juego confortable y personalizada.',3,'1710908348038_img.png'),('2512dcbb-e971-46d8-8e18-e68aa89512bf','Notebook 15,6 Fhd Hp 255 G9 Ryzen 3 5425u 8gb 256gb W11 Prm Color Gris ceniza',1,'• Procesador AMD Ryzen 3.\r\n• Memoria RAM de 8GB.\r\n• Resolución de 1920x1080 px.\r\n• Placa de video AMD Radeon Graphics.\r\n',739195.00,12,12,1,15,1,1,'• DISEÑO HERMOSO Y LIGERO\r\nLa laptop HP 255 sigue el ritmo de estilos de trabajo móviles gracias a un diseño delgado y ligero y una gran relación de pantalla y cuerpo.\r\n\r\n• DISEÑADA PARA TRABAJAR Y LISTA PARA LA DIVERSIÓN\r\nComplete proyectos gracias a los potentes procesadores AMD®, la memoria rápida y el amplio almacenamiento.\r\n\r\n• PERMITA QUE LO VEAN Y ESCUCHEN CON CLARIDAD\r\nColabore con efectividad con una cámara HD, la reducción de ruidos basada en inteligencia artificial y los micrófonos de matriz doble.\r\n\r\n• DESARROLLADA PARA NEGOCIOS\r\nTrabaje desde cualquier lugar sin comprometer el rendimiento ni la seguridad gracias a Windows 11, que se diseñó con la tecnología de conectividad y colaboración de HP.\r\n\r\n• AYUDE A PROTEGER LOS DATOS CRÍTICOS\r\nEl chip de seguridad incorporado Trusted Platform Module (TPM) proporciona claves de encriptación basadas en hardware para ayudarlo a proteger sus datos y credenciales.\r\n',0,'1708026392031_img.png'),('264ca231-37ee-4d3b-a96e-46fe6ec03aef','Monitor Philips V 193v5lhsb2/55 Lcd Full Hd Negro 18,5',7,'• Pantalla LCD TFT de 18.5\".\r\n• Tiene una resolución de 1366px-768px.\r\n• Relación de aspecto de 16:9.\r\n• Panel TFT.\r\n• Su brillo es de 200cd/m².\r\n• Con conexión VGA/D-Sub.\r\n• Es reclinable.\r\n• Comodidad visual en todo momento.',139199.00,27,12,1,93,3,1,'Pantalla ecológica sin mercurio:\r\n\r\nLos monitores de Philips con retroiluminación LED no contienen mercurio, una de las sustancias naturales más tóxicas que afectan a los seres humanos y a los animales. Esto contribuye a minimizar el impacto medioambiental de la pantalla durante su ciclo de vida, desde la fabricación hasta su disposición final.\r\n\r\nTecnología LED para colores más vivos:\r\n\r\nLos LED blancos son dispositivos sólidos que proporcionan una luminosidad intensa y constante desde el momento en que se activan. Se encienden rápidamente, lo que contribuye al ahorro de energía. Al no contener mercurio, los LED son reciclables y amigables con el medio ambiente. Su tecnología permite un control preciso de la atenuación de la retroiluminación del LCD, resultando en una alta relación de contraste y una reproducción de color excepcional, con una iluminación uniforme en toda la pantalla.',0,'1710907166728_img.png'),('54d64713-4dd9-41b8-8883-5da4ef888aab','Monitor gamer LG 24MK430H led 23.8\" negro 100V/240V',8,'• Pantalla led de 23.8\".\r\n• Posee pantalla antirreflejo.\r\n• Tiene una resolución de 1920px-1080px.\r\n• Relación de aspecto de 16:9.\r\n• Panel IPS.\r\n• Su brillo es de 250cd/m².\r\n• Tipos de conexión: D-Sub, Jack 3.5 mm, HDMI 1.4.\r\n• Es reclinable.\r\n• Comodidad visual en todo momento.',156999.00,20,12,1,37,3,1,'LG busca entender a los usuarios para ofrecerles óptimas soluciones y nuevas experiencias a través de la evolución tecnológica. Disfrutá de la perfecta combinación de diseño, calidad y rendimiento que la empresa te ofrece en este monitor.\r\n\r\nUn monitor a tu medida\r\nCon tu pantalla LED no solo ahorrás energía, ya que su consumo es bajo, sino que vas a ver colores nítidos y definidos en tus películas o series favoritas.\r\n\r\nUna experiencia visual de calidad\r\nEste monitor de 23.8\" te va a resultar cómodo para estudiar, trabajar o ver una película en tus tiempos de ocio. Asimismo, su resolución de 1920 x 1080 te permite disfrutar de momentos únicos gracias a una imagen de alta fidelidad. Una de sus virtudes es que posee pantalla antirreflejo, de esta manera no verás reflejado lo que está detrás de vos y vas a evitar forzar tu vista para enfocar el contenido. Su tiempo de respuesta de 5 ms lo hace ideal para gamers y cinéfilos porque es capaz de mostrar imágenes en movimiento sin halos o bordes borrosos.',0,'1710907617914_img.png'),('5e7b16dd-2251-48bc-b3fa-80f149288097','Kit Teclado + Mouse Inalambrico Noga S5700 Pc Notebook Usb Verde',12,'• Kit compuesto por teclado S5700V y mouse S5700V.\r\n• Aptos para windows.\r\n• Teclado de membrana.\r\n• Contiene 86 teclas y 3 botones.\r\n• Idioma del teclado: Español.\r\n• Mouse con sensor óptico y resolución de 1000 dpi.\r\n• Productos con rango inalámbrico de 10 m.\r\n• Interfaz de conexión de los dispositivos usb 2.1.\r\n• Combinación perfecta y completa para distintas actividades diarias.',22541.00,0,6,1,2,4,1,'El combo de teclado y mouse Noga es perfecto para ayudarte a desarrollar tus actividades diarias. Esta combinación está adaptada para realizar distintas tareas, ya sean laborales, escolares o de cualquier índole.\r\n\r\nDiseño pop Moderno\r\nCuenta con un diseño único, teclas redondeadas imitando a las antiguas maquinas de escribir, pero con toda la fiabilidad de su membrana de alta resistencia.\r\n\r\nSensor de alta precisión\r\nEl mouse del combo posee un sensor óptico de alta precisión, el cual te permitirá redirigir el cursor de una manera más exacta y sensible que el resto de los sistemas tradicionales.',0,'1710910027393_img.png'),('625b7f5c-d682-4b50-a7c6-6df3ecd589ea','Notebook Dell Inspiron 3520 Intel Core I5 256gb Ssd 8gb Ram Color Plateado',4,'• Procesador Intel Core i5.\r\n• Memoria RAM de 16GB.\r\n• Resolución de 1920x1080 px.\r\n• Es antirreflejo.\r\n• Placa de video Intel Iris Xe Graphics G7 80EUs.\r\n• Conexión wifi y bluetooth.\r\n• Cuenta con 3 puertos USB y puerto HDMI.\r\n• Incluye lector de tarjeta de memoria.\r\n• Con no.\r\n• Posee pad numérico.\r\n• Modo de sonido Stereo.\r\n',1319371.08,32,12,1,75,1,1,'Los equipos Dell se destacan por ofrecer soluciones reales para cada una de las necesidades. Ya sea para conectarte, entretenerte, trabajar o colaborar de manera online, podrás hacerlo de forma segura desde cualquier lugar y en cualquier momento.\r\n\r\nPantalla con gran impacto visual\r\nSu pantalla de 15.6\" y 1920x1080 px de resolución te brindará colores más vivos y definidos. Tus películas y series preferidas cobrarán vida, ya que ganarán calidad y definición en cada detalle.\r\n\r\nEficiencia a tu alcance\r\nSu procesador Intel Core i5 de 4 núcleos, está pensado para aquellas personas generadoras y consumidoras de contenidos. Con esta unidad central, la máquina llevará a cabo varios procesos de forma simultánea, desde edición de videos hasta retoques fotográficos con programas profesionales.\r\n\r\nPotente disco sólido\r\nEl disco sólido de 256 GB hace que el equipo funcione a gran velocidad y por lo tanto te brinda mayor agilidad para operar con diversos programas.\r\n\r\nUn procesador exclusivo para los gráficos\r\nSu placa de video Intel Iris Xe Graphics G7 80EUs convierte a este dispositivo en una gran herramienta de trabajo para cualquier profesional del diseño. Te permitirá lograr una gran performance en todos tus juegos y en otras tareas cotidianas que impliquen procesamiento gráfico.\r\n',1,'1708026212646_img.png'),('67b384a4-a1ab-49b2-8db0-941f7ea7f5e9','Kit Teclado Y Mouse Inalambrico Mk235 Logitech Color del mouse Negro Color del teclado Negro',10,'• Kit compuesto por teclado K235 y mouse M170.\r\n• Aptos para windows 7 y versiones superiores.\r\n• Resistentes a salpicaduras.\r\n• Teclado de membrana con switch membrana.\r\n• Idioma del teclado: Español.\r\n• Mouse con sensor óptico y resolución de 1000 dpi.\r\n• Productos con rango inalámbrico de 10 m.\r\n• Interfaz de conexión de los dispositivos usb.\r\n• Combinación perfecta y completa para distintas actividades diarias.',47974.00,40,12,1,265,4,1,'Kit Teclado Y Mouse Inalámbrico Mk235 - Logitech - Idioma: Español Latinoamérica\r\n\r\nMK235 Mouse y teclados inalámbricos, tamaño normal. Duradero. Simple.\r\n\r\n• TECNOLOGÍA INALÁMBRICA\r\nConexión inalámbrica fiable hasta a 10 metros (33 pies) de distancia, compartiendo un único receptor USB (cifrado AES de 128 bits entre dispositivos y receptor).\r\nSin complicaciones de emparejamiento ni instalación de software.\r\nTeclado con distribución habitual, teclas de dirección y teclado numérico de tamaño normal y 15 teclas de acceso directo.\r\nDuración de pilas prolongada: 36 meses para el teclado y 12 meses para el mouse.\r\nConstrucción a prueba de derrame de líquidos, tratamiento antidesgaste en cada tecla y patas inclinables robustas.\r\n\r\nESPECIFICACIONES\r\n• Tipo de conexión: Protocolo no unifying Logitech (2,4 GHz) con nano receptor USB\r\n• Radio de acción inalámbrico: 10 metros\r\n• Cifrado inalámbrico: AES de 128 bits entre dispositivos y receptor\r\n• Software compatible: Logitech SetPoint.',0,'1710908996917_img.png'),('7c6b97a7-0608-489c-b42f-ba22defe855e','Mouse inalámbrico Logitech M170 M170 negro',10,'• Es inalámbrico.\r\n• Orientación de la mano: ambidiestro.\r\n• Tipo de alimentación inalámbrica: pilas.\r\n• Posee rueda de desplazamiento.\r\n• Cuenta con interruptor de ahorro de energía.\r\n• Con sensor óptico.\r\n• Resolución de 1000dpi.',14164.00,20,12,1,328,5,1,'Logitech diseña productos y experiencias que ocupan un lugar cotidiano en la vida de las personas, poniendo foco en la innovación y la calidad. Su objetivo es crear momentos verdaderamente únicos y significativos para sus usuarios. Los mouses Logitech se adaptan a la forma de tu mano para proporcionarte horas de comodidad. Sin necesidad de mover el brazo para deslizar el cursor, tu mano se fatigará menos. Son ideales para cualquier espacio de trabajo y quienes tienen la mesa llena de diversos objetos.\r\n\r\nAdaptado a tus movimientos\r\nSu diseño eficaz hace de este mouse un elemento cómodo, con una gran experiencia de uso para aquellas personas que buscan seguridad en cada click.\r\n\r\nLa funcionalidad al alcance de tu mano\r\nEl sistema de detección de movimiento óptico te permitirá mover el cursor de una manera más precisa y sensible que en los sistemas tradicionales.\r\n\r\nPlug And Play\r\nSolo debés colocar el receptor en un puerto USB de la computadora y ya podés empezar a usarlo. No hace falta emparejar el mouse ni descargar software para utilizarlo.\r\n\r\nTecnología inalámbrica\r\nTrabajá de forma inalámbrica y movete libremente sin ninguna interrupción. Al no haber cables, tu escritorio se mantiene despejado. Y además, podés llevar tu mouse fácilmente de un espacio de trabajo a otro.\r\n\r\nApto para fácil traslado\r\nNavegá rápidamente por documentos y páginas web gracias su diseño ultra delgado, ergonómico, liviano y conveniente para llevar a donde quieras o viajar.',0,'1710910195450_img.png'),('8b50760c-904f-4c58-baf2-9f8fa60ede56','Disco sólido externo SanDisk Extreme SDSSDE61-1T00-G25 1TB negro',17,'• Capacidad: 1 TB\r\n• Útil para guardar programas y documentos con su capacidad de 1 TB.\r\n• Resistente al agua, polvo y golpes.\r\n• Tamaño de 2.5 \".\r\n• Fácil de transportar.\r\n• Interfaz de conexión: USB-C 3.2 Gen 2.\r\n• Apto para PC.\r\n• Accesorios incluidos: cable usb-c a usb-a.',199999.00,5,12,1,5,6,1,'Con la unidad en estado sólido SanDisk vas a incrementar la capacidad de respuesta de tu equipo. Gracias a esta tecnología podrás invertir en velocidad y eficiencia para el inicio, la carga y la transferencia de datos.\r\n\r\nResistencia extrema\r\nImaginate un disco de almacenamiento de gran calidad resistente al agua y al polvo... irrompible. Este producto cumple todas estas funciones esenciales, ya que es ideal para transportarlo en cualquier ambiente.\r\n\r\nConfianza ante todo\r\nResguardá todo tipo de información sensible a través de su sistema de seguridad incorporado. Su defensa es impenetrable.\r\n\r\nMás velocidad a tu alcance\r\nEste disco transfiere datos a través de una interfaz USB-C 3.2 Gen 2, lo que te brindará trasmitir una mayor cantidad de información.',0,'1710911558497_img.png'),('9ab34713-f827-48c6-8ccb-deb6cf0325b5','Teclado gamer Redragon Kumara K552 QWERTY Outemu Blue español latinoamérica color negro con luz RGB',9,'• Layout: QWERTY\r\n• Ergonómico y apto para diversos usos.\r\n• Resiste a salpicaduras.\r\n• Función antighosting incorporada.\r\n• Tipo de teclado: mecánico.\r\n• Tecla cilíndrica.\r\n• Con conector USB.\r\n• Medidas: 37.5cm de ancho, 15.5cm de alto y 4.3cm de profundidad.\r\n• Las imágenes pueden ser ilustrativas.',54999.00,10,18,1,147,4,1,'La gran calidad del Redragon Kumara K552, y su precio económico lo vuelven un atractivo ideal para que te diviertas frente a la pantalla. Su ergonomía, su base antidelizante y su rápido tiempo de respuesta permite que tus juegos favoritos se sientan más cerca que nunca, al alcance de tus manos.\r\n\r\nDistinción a todo color\r\nSu retroiluminación le da un toque diferente a tu equipo y resalta su composición cuando es utilizado en espacios poco iluminados.\r\n\r\nTecnología antighosting\r\nEste dispositivo tiene teclas antighosting. Esta cualidad es indispensable si requerís de un uso intensivo del periférico. Gracias a esto podrás evitar fallas al tocar varias teclas al mismo tiempo.',2,'1710908762848_img.png'),('9db3b04b-519e-44b6-9d77-e9503d62f62f','Mouse gamer de juego Razer DeathAdder Essential negro',15,'• Utiliza cable.\r\n• Posee rueda de desplazamiento.\r\n• Con luces para mejorar la experiencia de uso.\r\n• Con sensor óptico.\r\n• Resolución de 6400dpi.',49573.00,0,12,1,8,5,1,'Desde 2005 Razer es la marca líder de estilo de vida para jugadores. Ha diseñado y construido el ecosistema de hardware, software y servicios más grande del mundo. La ubicación de cada botón y curva de los mouses Razer se crearon para adaptarse perfectamente a tu mano. Gracias a estos dispositivos, conseguirás una experiencia de juego cómoda y placentera.\r\n\r\nAdaptado a tus movimientos\r\nEl mouse de juego te ofrecerá la posibilidad de marcar la diferencia y sacar ventajas en tus partidas. Su conectividad y sensor suave ayudará a que te desplaces rápido por la pantalla.\r\n\r\nLa funcionalidad al alcance de tu mano\r\nEl sistema de detección de movimiento óptico te permitirá mover el cursor de una manera más precisa y sensible que en los sistemas tradicionales.\r\n\r\nPlug And Play\r\nSolo debés colocar el receptor en un puerto USB de la computadora y ya podés empezar a usarlo. No hace falta emparejar el mouse ni descargar software para utilizarlo.\r\n\r\nApto para fácil traslado\r\nNavegá rápidamente por documentos y páginas web gracias su diseño ultra delgado, ergonómico, liviano y conveniente para llevar a donde quieras o viajar.',0,'1710911092075_img.png'),('a2253f91-b693-4be1-87da-534b6f95fda1','Notebook Gamer ROG Strix G15 G513RM-HQ084W 15.6 Ryzen 7 6800h 16GB 512GB SSD Nvidia Rtx3060 165 Hz W11',2,'• Tarjeta gráfica: Nvidia RTX 3060\r\n• Resolución de la pantalla: 2560 px x 1440 px\r\n• Procesador: AMD Ryzen 7 6800H\r\n• Sistema operativo: Windows 11 Home\r\n• Procesador AMD Ryzen 7.\r\n• Memoria RAM de 16GB.\r\n• Resolución de 2560x1440 px.\r\n• Placa de video Nvidia RTX 3060.\r\n• Conexión wifi y bluetooth.\r\n• Cuenta con 4 puertos USB y puerto HDMI.\r\n• Con teclado retroiluminado.\r\n• La duración de la batería depende del uso que se le dé al producto.\r\n',3199999.00,32,12,1,10,1,1,'Disfrutá de la perfecta combinación de rendimiento y diseño con esta notebook Asus Rog Strix G15 G513RM. Encontrarás en ella una excelente herramienta para tus trabajos de todos los días y para tus momentos de entretenimiento. Aprovechá la experiencia extraordinaria que la marca tiene para ofrecerte y optimizá la calidad de tus imágenes y videos.\r\n\r\nPantalla con gran impacto visual\r\nSu pantalla de 15.6\" y 2560x1440 px de resolución te brindará colores más vivos y definidos. Tus películas y series preferidas cobrarán vida, ya que ganarán calidad y definición en cada detalle.\r\n\r\nEficiencia a tu alcance\r\nSu procesador AMD Ryzen 7 de 8 núcleos, te permitirá ejecutar programas variados y procesos indispensables para desenvolverte en el día a día, ya sea en tu trabajo o en los momentos de ocio en tu hogar.\r\n\r\nPotente disco sólido\r\nEl disco sólido de 512 GB hace que el equipo funcione a gran velocidad y por lo tanto te brinda mayor agilidad para operar con diversos programas.\r\n\r\nUn procesador exclusivo para los gráficos\r\nSu placa de video Nvidia RTX 3060 convierte a este dispositivo en una gran herramienta de trabajo para cualquier profesional del diseño. Te permitirá lograr una gran performance en todos tus juegos y en otras tareas cotidianas que impliquen procesamiento gráfico.\r\n',0,'1708026514560_img.png'),('b04ba5a0-11fa-4285-ab79-1055834fdc3f','Monitor LG 19M38A led 19\" negro 100V/240V',8,'• Pantalla led de 19\".\r\n• Tiene una resolución de 1366px-768px.\r\n• Relación de aspecto de 16:9.\r\n• Panel TN.\r\n• Su brillo es de 200cd/m².\r\n• Con conexión D-Sub.\r\n• Comodidad visual en todo momento.\r\n• Flicker Safe\r\n• Smart Energy Saving\r\n• On Screen Control',135499.00,23,12,1,161,3,1,'LG busca entender a los usuarios para ofrecerles óptimas soluciones y nuevas experiencias a través de la evolución tecnológica. Disfrutá de la perfecta combinación de diseño, calidad y rendimiento que la empresa te ofrece en este monitor.\r\n\r\nUn monitor a tu medida\r\nCon tu pantalla LED no solo ahorrás energía, ya que su consumo es bajo, sino que vas a ver colores nítidos y definidos en tus películas o series favoritas.\r\n\r\nUna experiencia visual de calidad\r\nSus 19\" te van a resultar ideales en tu vida diaria, ya sea para estudiar o trabajar. Asimismo, su resolución de 1366 x 768 te permite disfrutar de momentos únicos gracias a una imagen de alta fidelidad. Una de sus virtudes es que posee pantalla antirreflejo, de esta manera no verás reflejado lo que está detrás de vos y vas a evitar forzar tu vista para enfocar el contenido.',0,'1710907380736_img.png'),('b6d0c6c6-cba7-49bc-981e-8f3dad0faff6','Monitor Hp X27 27 Pulgadas 165hz Fhd Ips Gaming 2v6b2aa Color Negro',1,'• Voltaje: 100V/240V\r\n• Tamaño de la pantalla: 27 \"\r\n• Pantalla Full HD de 27\" para imágenes nítidas y colores vibrantes\r\n• Frecuencia de actualización de 165 Hz y tiempo de respuesta de 1 ms para fluidez en juegos\r\n• Tecnologías FreeSync Premium y AdaptiveSync para evitar tearing y stuttering\r\n• Pantalla antirreflejo y reducción de luz azul para mayor comodidad visual\r\n• Reclinable y compatible con montaje VESA para ajustar a tu comodidad\r\n• Conexiones HDMI 2.0, DisplayPort 1.4 y Jack 3.5 mm para conectar tus dispositivos.',327834.00,12,12,1,155,3,1,'Monitor HP X27 FHD IPS Gaming (2V6B2AA)\r\n\r\nJuega con comodidad durante más tiempo con nuestros monitores Gamer Serie X con altura ajustable. Experimenta una visualización mejorada combinando Resolución Full HD con panel IPS, tasa de refresco de 165Hz y tiempo de respuesta de 1ms.\r\nCon AMD Freesync Premium, tu experiencia de juego y streaming será fluida y sin interrupciones.\r\n\r\nEste monitor incluye 80% de componentes plásticos reciclados y un empaque 100% reciclado, permitiéndote disfrutar de tus juegos de manera sostenible.\r\n\r\nExperimenta una jugabilidad superior y reacciona rápidamente gracias a los 165Hz de tasa de refresco y 1ms de tiempo de respuesta.\r\n\r\nLa tecnología EyeSafe integrada protege tus ojos de la luz azul sin comprometer la calidad de los colores.\r\n\r\nDisfruta de detalles y colores intensos con la resolución FullHD y tecnología de Panel IPS.\r\n\r\nHP está comprometido con la reducción de materiales en nuestros embalajes y el uso de más materiales reciclados.\r\n\r\nLa tecnología IPS ofrece vistas claras desde casi cualquier ángulo.\r\n\r\nDisfruta de una acción fluida y gameplay con una reacción increíble y mínimos defectos de color o rasgado de pantalla gracias a la velocidad de actualización de 165Hz.\r\n\r\nAjusta la altura de tu monitor y encuentra la posición ideal con funciones de movimiento pivotante e inclinación.',0,'1710907914230_img.png'),('bb723804-9e9d-4014-9154-1ef91659be92','Monitor Led 4k 27 Pulgadas LG 27ul500-w Uhd Hdr Hdmi Ips Color Blanco',8,'• Pantalla IPS de 27\".\r\n• Posee pantalla antirreflejo.\r\n• Tiene una resolución de 3840px-2160px.\r\n• Relación de aspecto de 16:9.\r\n• Panel IPS.\r\n• Su brillo es de 300cd/m².\r\n• Con conexión Dp.\r\n• Comodidad visual en todo momento.',549900.00,10,12,1,42,3,1,'LG busca entender a los usuarios para ofrecerles óptimas soluciones y nuevas experiencias a través de la evolución tecnológica. Disfrutá de la perfecta combinación de diseño, calidad y rendimiento que la empresa te ofrece en este monitor.\r\n\r\nUna experiencia visual de calidad\r\nEste monitor de 27\" te va a resultar cómodo para estudiar, trabajar o ver una película en tus tiempos de ocio. Asimismo, su resolución de 3840 x 2160 te permite disfrutar de momentos únicos gracias a una imagen de alta fidelidad. Una de sus virtudes es que posee pantalla antirreflejo, de esta manera no verás reflejado lo que está detrás de vos y vas a evitar forzar tu vista para enfocar el contenido. Su tiempo de respuesta de 5 ms lo hace ideal para gamers y cinéfilos porque es capaz de mostrar imágenes en movimiento sin halos o bordes borrosos.',0,'1710908172830_img.png'),('bdd51895-2887-450e-9b33-18077d7cf671','Notebook Dell Vostro 3405 gris oscura 14\", AMD Athlon Silver 4GB de RAM 256GB SSD, AMD Radeon Graphics 60 Hz 1366x768px Windows 11 Home',4,'• Procesador AMD Athlon Silver.\r\n• Memoria RAM de 4GB.\r\n• Pantalla LED de 14\".\r\n• Resolución de 1366x768 px.\r\n• Es antirreflejo.\r\n• Placa de video AMD Radeon Graphics.\r\n• Conexión wifi y bluetooth.\r\n• Cuenta con 3 puertos USB y puerto HDMI.\r\n• Incluye lector de tarjeta de memoria.\r\n• Modo de sonido Stereo, HD Audio.\r\n• La duración de la batería depende del uso que se le dé al producto.\r\n',449999.00,5,12,1,109,1,1,'Los equipos Dell se destacan por ofrecer soluciones reales para cada una de las necesidades. Ya sea para conectarte, entretenerte, trabajar o colaborar de manera online, podrás hacerlo de forma segura desde cualquier lugar y en cualquier momento.\r\n\r\nPantalla con gran impacto visual\r\nSu pantalla LED de 14\" y 1366x768 px de resolución te brindará colores más vivos y definidos. Tus películas y series preferidas cobrarán vida, ya que ganarán calidad y definición en cada detalle.\r\n\r\nEficiencia a tu alcance\r\nSu procesador AMD Athlon Silver de 2 núcleos, te permitirá ejecutar programas variados y procesos indispensables para desenvolverte en el día a día, ya sea en tu trabajo o en los momentos de ocio en tu hogar.\r\n\r\nPotente disco sólido\r\nEl disco sólido de 256 GB hace que el equipo funcione a gran velocidad y por lo tanto te brinda mayor agilidad para operar con diversos programas.\r\n\r\nUn procesador exclusivo para los gráficos\r\nSu placa de video AMD Radeon Graphics convierte a este dispositivo en una gran herramienta de trabajo para cualquier profesional del diseño. Te permitirá lograr una gran performance en todos tus juegos y en otras tareas cotidianas que impliquen procesamiento gráfico.\r\n',0,'1708026061961_img.png'),('c2b43270-0098-4abe-a884-46ae0444db27','Notebook Asus X515ea Slate Gray 15.6 , Intel Core I5 1135g7 8gb De Ram 256gb Ssd, Intel Iris Xe Graphics G7 80eus 1920x1080px Windows 11 Home',2,'• Procesador Intel Core i5.\r\n• Memoria RAM de 8GB.\r\n• Pantalla LED de 15.6\".\r\n• Resolución de 1920x1080 px.\r\n• Es antirreflejo.\r\n• Placa de video Intel Iris Xe Graphics.\r\n• Conexión wifi y bluetooth.\r\n• Cuenta con 4 puertos USB y puerto HDMI.\r\n• Con no.\r\n• Posee pad numérico.\r\n• Modo de sonido Mono.\r\n• La duración de la batería depende del uso que se le dé al producto.\r\n',958899.00,5,12,1,4,1,1,'Ya sea para trabajar o jugar, ASUS Vivobook 15 X515 es una computadora portátil que ofrece un potente rendimiento y efectos visuales envolventes.\r\n\r\nSu pantalla NanoEdge cuenta con amplios ángulos de visión y un revestimiento mate antideslumbrante para una experiencia verdaderamente atractiva.\r\n\r\nEn el interior, funciona con un procesador Intel® Core ™ i5 con diversas capacidades y cuenta con los potentes graficos integrados Intel Iris Xe. Un diseño que permite almacenamiento con un SSD PCIe que le brinda la combinación perfecta de gran capacidad de almacenamiento y velocidades rápidas de lectura / escritura de datos.\r\n\r\nCon un peso total de solo 1,8 kg, el ASUS X515 s el portátil liviano que se adapta a un estilo de vida vertiginoso.\r\n',0,'1708025669402_img.png'),('ca79db95-a258-450c-8053-2dbad1d82bb6','Monitor Philips Pc De 27\'\' Full Hd - 271e1sca/55 Color Negro',7,'• Pantalla LCD de 27\".\r\n• Curvo.\r\n• Tiene una resolución de 1920px-1080px.\r\n• Relación de aspecto de 16:9.\r\n• Panel VA.\r\n• Su brillo es de 250cd/m².\r\n• Con conexión HDMI.\r\n• Comodidad visual en todo momento.',344499.00,17,12,1,136,3,1,'- Diseño de pantalla curvo para una experiencia más envolvente: Los monitores de sobremesa ofrecen una experiencia de usuario personal, que se adapta muy bien a los diseños curvos. La pantalla curva proporciona un agradable, pero sutil efecto envolvente, para que seas el único centro de atención en el escritorio.\r\n- La pantalla VA entrega imágenes asombrosas con un amplio ángulo de visión: En la pantalla LED VA de Philips se utiliza una tecnología de alineación vertical multidominio avanzada que proporciona índices de contraste estático superelevados para disfrutar de imágenes muy nítidas y brillantes.\r\n- Experiencias de juego sencillas y fluidas con tecnología AMD FreeSync: Jugar no debería consistir en tener que elegir entre una experiencia interrumpida o fotogramas incompletos. Con el nuevo monitor Philips, se acabaron los dilemas.\r\n- Pantalla de 16:9 con Full HD para unas imágenes nítidas: La calidad de imagen importa. Las pantallas habituales ofrecen buena calidad, pero sabemos que tú esperas más. Esta pantalla cuenta con una resolución Full HD de 1920 x 1080.\r\n- SmartContrast para obtener increíbles detalles en negro.\r\n- Modo de juego SmartImage optimizado para jugadores: La nueva pantalla de juego de Philips cuenta con un menú optimizado de configuración de acceso rápido, lo que ofrece múltiples opciones. Mediante el modo de juego de acción en primera persona (FPS), se mejoran los temas oscuros en los juegos para ver objetos ocultos en áreas oscuras.\r\n- Menos cansancio ocular con la tecnología sin parpadeo.\r\n- Modo LowBlue para una productividad sin cansancio ocular.\r\n- HDMI garantiza conectividad digital universal.\r\n- Pantalla ecológica sin mercurio.',0,'1710908521238_img.png'),('ca954fd6-35e9-40bf-ba38-036484b99fd4','Notebook Asus Intel I5 1135g7 8gb 256gb Ssd 15.6\" Full Hd Windows 11 Home',2,'•	Procesador Intel Core i5.\r\n•	Memoria RAM de 8GB.\r\n•	Resolución de 1920x1080 px.\r\n•	Conexión wifi y bluetooth.\r\n•	Cuenta con puerto USB y puerto HDMI.\r\n•	Posee pad numérico.\r\n',1193449.00,38,6,1,8,1,1,'Ya sea para trabajar o jugar, la computadora portátil ASUS Vivobook 15 F1500 es la computadora portátil de nivel de entrada que ofrece un rendimiento potente y efectos visuales inmersivos. La pantalla Nano Edge de la computadora portátil ASUS Vivobook 15 cuenta con amplios ángulos de visión de 178 grados. ASUS Vivobook 15 Laptop viene con procesador Intel Core i5, 8GB RAM, 256GB SSD y Windows 11 Home. La computadora portátil ASUS Vivobook 15 está equipada con todos los puertos que necesita. Viene con una amplia conectividad con USB 3.2 Gen 1 tipo C, USB 3.2 Gen 1 tipo A, USB 2.0 tipo A, conector de audio combinado de 3,5 mm, Wi-Fi 5 (802.11ac) y Bluetooth 4.1\r\n\r\n* Visiblemente impresionante: experimente detalles nítidos y colores nítidos en la pantalla IPS Full HD de 15,6\" con una relación pantalla-cuerpo del 83 %, relación de aspecto 16:9 y biseles estrechos\r\n\r\n* Potente productividad: el procesador Intel Core i5-1135G7 de 11.ª generación y la GPU Intel® Iris Xe ofrecen una velocidad e inteligencia inigualables, lo que permite una productividad impresionante\r\n\r\n* Teclado de diseño ergonómico: el teclado de tamaño completo de Vivobook 15 es perfecto para trabajar en entornos con poca luz. Diseñado ergonómicamente, su construcción robusta de una sola pieza y el recorrido de la tecla de 1,4 mm brindan una experiencia de escritura cómoda.\r\n\r\n* Especificaciones internas: 8GB DDR4 RAM y 256GB M.2 NVMe™ PCIe® 3.0 SSD para almacenar sus archivos\r\n\r\n* Elegante y liviano con solo 3.97 lbs y 0.78 pulgadas de grosor\r\n',4,'1708025510651_img.png'),('d5f5e360-c147-47e7-9c28-9c5ebf7292d1','Monitor Gamer Asus Vg248qg Pantalla 24 Pulgadas Led Full Hd Color Negro',2,'• Pantalla led de 24\".\r\n• Posee pantalla antirreflejo.\r\n• Tiene una resolución de 1920px-1080px.\r\n• Relación de aspecto de 16:9.\r\n• Panel TN.\r\n• Su brillo es de 350cd/m².\r\n• Con conexión HDMI 1.4.\r\n• Altavoces incluidos.\r\n• Es giratorio y reclinable.\r\n• Comodidad visual en todo momento.',349999.00,21,12,1,10,3,1,'Monitor Gamer ASUS VG248QG - 24 pulgadas, Full HD, 0.5ms*, 165Hz overclockable, compatible con G-SYNC, Adaptive-Sync\r\n\r\nMonitor de juegos Full HD de 24 pulgadas con una frecuencia de actualización ultrarrápida de 165Hz overclockable y tecnología Adaptive-Sync para eliminar el desgarro de la pantalla y las velocidades de cuadro irregulares.\r\n\r\nCertificado como compatible con G-SYNC, proporcionando una experiencia de juego fluida al habilitar VRR (frecuencia de actualización variable) de manera predeterminada.\r\n\r\nTiempo de respuesta de 0.5 ms* para juegos sin interrupciones y tecnología ASUS Extreme Low Motion Blur (ELMB) para minimizar el efecto fantasma y el desenfoque de movimiento.\r\n\r\nTecla de acceso rápido GamePlus exclusiva de ASUS para mejoras en el juego y GameVisual para imágenes optimizadas.\r\n\r\nCertificación TUV Rheinland para tecnología sin parpadeo y baja emisión de luz azul para asegurar una experiencia visual confortable.\r\n\r\nAdmite Adaptive-Sync con tarjetas gráficas NVIDIA GeForce* y FreeSync con tarjetas gráficas AMD Radeon*. Compatible con las series NVIDIA GeForce GTX 10, GTX 16, RTX 20 y tarjetas gráficas más recientes.\r\n\r\nDiseñado para juegos intensos y de ritmo rápido, el ASUS VG248QG es un monitor de juegos Full HD de 24 pulgadas con un tiempo de respuesta ultrarrápido de 0.5ms* y una frecuencia de actualización de 165Hz overclockable para proporcionar una experiencia de juego extremadamente fluida. El VG248QG incluye tecnología Adaptive-Sync para eliminar el desgarro de la pantalla y la velocidad de cuadros irregular.\r\n\r\nFunciones centradas en el jugador como ASUS GamePlus mejoran la experiencia en el juego, mientras que GameVisual ofrece varios modos de visualización preestablecidos para optimizar las imágenes para diferentes tipos de juegos.\r\n\r\nEl ASUS VG248QG es el más rápido de su clase, con un tiempo de respuesta de 0.5 ms* para eliminar las manchas y el desenfoque de movimiento, permitiendo reacciones instantáneas a la acción en pantalla en juegos de ritmo rápido.\r\n\r\nIncluye también la tecnología ASUS Extreme Low Motion Blur (ELMB) para hacer que los objetos en movimiento se vean más nítidos, mejorando la fluidez y la respuesta del juego.\r\n\r\n*El tiempo de respuesta de 0.5 ms es el más rápido según pruebas internas. El tiempo de respuesta puede variar según las condiciones de prueba.',0,'1710907012730_img.png'),('dabcb355-540a-499d-926a-a4da38c28781','Notebook HP 15-ef2514la plata 15.6\", AMD Ryzen 7 5700U 8GB de RAM 512GB SSD, AMD Radeon RX Vega 8 (Ryzen 4000/5000) 1366x768px Windows 11 Home',1,'• Procesador AMD Ryzen 7.\r\n• Memoria RAM de 8GB.\r\n• Resolución de 1366x768 px.\r\n• Placa de video AMD Radeon RX Vega 8 (Ryzen 4000/5000).\r\n• Conexión wifi y bluetooth.\r\n• Cuenta con 3 puertos USB y puerto HDMI.\r\n• Incluye lector de tarjeta de memoria.\r\n• Posee pad numérico.\r\n• Modo de sonido Stereo.\r\n',1441999.00,32,12,1,38,1,1,'La notebook HP 15-ef2514la es una solución tanto para trabajar y estudiar como para entretenerte. Al ser portátil, el escritorio dejará de ser tu único espacio de uso para abrirte las puertas a otros ambientes ya sea en tu casa o en la oficina.\r\n\r\nPantalla con gran impacto visual\r\nSu pantalla de 15.6\" y 1366x768 px de resolución te brindará colores más vivos y definidos. Tus películas y series preferidas cobrarán vida, ya que ganarán calidad y definición en cada detalle.\r\n\r\nEficiencia a tu alcance\r\nSu procesador AMD Ryzen 7 de 8 núcleos, te permitirá ejecutar programas variados y procesos indispensables para desenvolverte en el día a día, ya sea en tu trabajo o en los momentos de ocio en tu hogar.\r\n\r\nPotente disco sólido\r\nEl disco sólido de 512 GB hace que el equipo funcione a gran velocidad y por lo tanto te brinda mayor agilidad para operar con diversos programas.\r\n\r\nUn procesador exclusivo para los gráficos\r\nSu placa de video AMD Radeon RX Vega 8 (Ryzen 4000/5000) convierte a este dispositivo en una gran herramienta de trabajo para cualquier profesional del diseño. Te permitirá lograr una gran performance en todos tus juegos y en otras tareas cotidianas que impliquen procesamiento gráfico.\r\n',2,'1708025110760_img.png'),('db3da376-c861-4663-b4c4-bcf74ef4844a','Monitor Led Samsung 24\'\' Ips 75hz - Lf24t350fhlczb',6,'• Pantalla led de 24\".\r\n• Tiene una resolución de 1920px-1080px.\r\n• Relación de aspecto de 16:9.\r\n• Panel IPS.\r\n• Su brillo es de 250cd/m².\r\n• Tipos de conexión: D-Sub, HDMI 1.4.\r\n• Es reclinable.\r\n• Comodidad visual en todo momento.',269999.00,12,12,1,15,3,1,'Diseño minimalista, máxima concentración. La pantalla sin borde en 3 lados aporta una estética limpia y moderna a cualquier entorno de trabajo. Además, en una configuración de varios monitores, las pantallas se alinean a la perfección para ofrecer una vista prácticamente sin interrupciones ni distracciones.\r\n\r\nDescubrí la experiencia tecnicolor desde cualquier punto. El panel IPS conserva la intensidad y claridad del color en cada centímetro de la pantalla. Incluso en una pantalla tan amplia, los tonos y las sombras lucen precisos desde prácticamente cualquier ángulo, sin decoloración.\r\n\r\nLa tecnología AMD Radeon FreeSync™ ofrece una experiencia de entretenimiento sumamente fluida, ya que mantiene sincronizada la frecuencia de actualización del monitor y la tarjeta gráfica, reduciendo el desgarro y el parpadeo de la imagen. Así, puedes disfrutar de tus películas y videojuegos sin interrupciones, ya que incluso las escenas de acción rápida lucen claras.\r\n\r\nAhora, las escenas de acción lucen impecables. Ya sea que estés disfrutando de tu programa favorito, de un video o videojuego, la frecuencia de actualización de 75 Hz te ofrece una imagen más suave, para un entretenimiento sin retrasos ni efecto fantasma.\r\n\r\nObtén la ventaja en cada juego gracias a las configuraciones de color y contraste de imagen óptimos, que te permitirán ver escenas más vívidas y detectar enemigos ocultos en la oscuridad. Game Mode ajusta cualquier videojuego para mostrarte hasta el mínimo detalle en pantalla.\r\n\r\nProtege tus ojos y hace mucho más. La avanzada tecnología de confort ocular reduce la fatiga visual, permitiéndote utilizar el monitor por un mayor periodo de tiempo.\r\n\r\nLos puertos HDMI y D-sub permiten la conexión de múltiples dispositivos directamente al monitor, lo que te ofrece una flexibilidad total. Ahora, con puertos de entrada adicionales, tu entorno informático es aún más conveniente.',1,'1710906790353_img.png'),('e04a6900-4189-4782-9b09-351e58eaf976','Combo Gaming Retroiluminado Usb Noganet Mouse Teclado + Auricular + Pad Full Kit 4 En 1 Profesional',12,'• Kit compuesto por teclado NKB-403 y mouse NKB-403.\r\n• Incluye auriculares y mouse pad.\r\n• Contiene 105 teclas y 6 botones.\r\n• Idioma del teclado: Español Latinoamérica.\r\n• Mouse con sensor óptico y resolución de 2400 dpi.\r\n• Interfaz de conexión de los dispositivos usb.\r\n• Combinación perfecta y completa para cada partida.',19499.00,10,12,1,372,4,1,'Con este kit gaming de alta performance Noga NKB-403 tendrás la experiencia y todo lo necesario para dominar el juego y disfrutar al máximo. Está compuesto por un teclado y mouse de 2400 dpi, ambos retroiluminados. A su vez, el combo también incluye un mouse pad y auriculares con micrófono.\r\n\r\nSensor de alta precisión\r\nEl mouse del combo posee un sensor óptico de alta precisión, el cual te permitirá redirigir el cursor de una manera más exacta y sensible que el resto de los sistemas tradicionales.',0,'1710909573706_img.png'),('e3819471-786e-421c-9db4-deba06fce53f','Microsoft Mouse 1850 Wireless Negro',14,'• Es inalámbrico.\r\n• Orientación de la mano: ambidiestro.\r\n• Tipo de alimentación inalámbrica: batería.\r\n• Posee rueda de desplazamiento.\r\n• Con sensor óptico.\r\n• Resolución de 1000dpi.',22999.00,43,6,1,4,5,1,'Wireless Mobile Mouse 1850 Black\r\n\r\nDiseñado para ofrecer comodidad y portabilidad\r\n\r\nEl mouse Wireless Mobile Mouse 1850 está diseñado para quienes se desplazan constantemente, ya que ofrece la libertad de una conexión inalámbrica y almacenamiento en transceptor integrado para una máxima movilidad. Su cómodo uso en ambas manos y una rueda de desplazamiento para una fácil navegación convierten a este mouse en el dispositivo ideal para su estilo de vida móvil y moderna.\r\n\r\nCaracterísticas Principales Rueda de desplazamiento\r\n\r\n· Desplácese rápidamente por documentos y páginas web.\r\n\r\nComodidad y portabilidad\r\n\r\n· Diseño compacto para que se ajuste a su mano y le acompañe dondequiera que vaya.\r\n\r\nNano transceptor Plug-And-Go\r\n\r\n· Deje conectado el nano transceptor durante sus desplazamientos o guárdelo en el ratón.\r\n\r\nRequisitos de Sistema\r\n\r\nEquipo/Sistema operativo\r\n\r\n· Requiere un equipo que tenga instalado uno de los siguientes sistemas operativos y que cumpla los requisitos correspondientes: Windows 10, Windows 8.1, Windows 8, Windows RT o Windows 7.',0,'1710910671323_img.png'),('e9b75e10-3eab-44eb-a81b-4ef3f2026df5','Notebook Samsung Galaxy Np750 Book3 15.6 Intel Core i7 16gb 512gb 10 núcleos',6,'• Procesador Intel i7.\r\n• Memoria RAM de 16GB.\r\n• Pantalla FHD PLS de 15.6\".\r\n• Resolución de FHD.\r\n• Placa de video Intel Iris Xe.\r\n• Conexión wifi.\r\n• Cuenta con 4 puertos USB y puerto HDMI.\r\n• Modo de sonido Dolby Digital.\r\n',2169999.00,27,12,1,102,1,1,'Delgada para entrar en tu mochila y con un cuerpo de aluminio compacto que pesa menos de 1,6 kg, que te permite llevarla a donde quieras.\r\n\r\nGracias a sus múltiples puertos, vas a poder conseguir la versatilidad que buscabas: HDMI, ranura microSD y dos puertos: USB-A y USB-C, para que puedas sincronizar tus dispositivos de forma sencilla y agilizar las transferencias de datos. No necesitarás un adaptador.\r\n\r\nTermina todos tus proyectos gracias a la batería de larga duración de 54 Wh (Nominal), que ofrece hasta 12 horas de autonomía. Tomate un café mientras recuperas hasta 5,2 horas de reproducción de video en solo 30 minutos, gracias al cargador ligero y compacto que funciona con todos tus dispositivos Samsung Galaxy.\r\n',0,'1709323990712_img.png'),('eb160ad9-dff9-4e2b-93cb-b024007753de','Mouse inalámbrico Genius NX-7000 calm black',13,'• Es inalámbrico.\r\n• Orientación de la mano: ambidiestro.\r\n• Posee rueda de desplazamiento.\r\n• Cuenta con interruptor de ahorro de energía.\r\n• Con sensor óptico.\r\n• Resolución de 1200dpi.',9406.00,0,6,1,29,5,1,'Desde hace más de 30 años, Genius está enfocado en la calidad, comodidad y facilidad de uso de sus productos. Su principal objetivo es proporcionarle a las personas una mejor experiencia de usuario. Además, busca incorporar diseños ecológicos que respeten el medio ambiente. El mouse Genius se caracteriza por suaves curvas que resultan cómodas para cualquier mano. Gracias a su resolución, conseguirás movimientos precisos en una amplia gama de superficies.\r\n\r\nAdaptado a tus movimientos\r\nSu diseño eficaz hace de este mouse un elemento cómodo, con una gran experiencia de uso para aquellas personas que buscan seguridad en cada click.\r\n\r\nA un click de distancia\r\nSu sensor BlueEye permite que funcione con exactitud y control en cualquier tipo de superficie.\r\n\r\nLa funcionalidad al alcance de tu mano\r\nEl sistema de detección de movimiento óptico te permitirá mover el cursor de una manera más precisa y sensible que en los sistemas tradicionales.\r\n\r\nPlug And Play\r\nSolo debés colocar el receptor en un puerto USB de la computadora y ya podés empezar a usarlo. No hace falta emparejar el mouse ni descargar software para utilizarlo.\r\n\r\nTecnología inalámbrica\r\nTrabajá de forma inalámbrica y movete libremente sin ninguna interrupción. Al no haber cables, tu escritorio se mantiene despejado. Y además, podés llevar tu mouse fácilmente de un espacio de trabajo a otro.\r\n\r\nApto para fácil traslado\r\nNavegá rápidamente por documentos y páginas web gracias su diseño ultra delgado, ergonómico, liviano y conveniente para llevar a donde quieras o viajar.',0,'1710910457922_img.png'),('ed5d304d-c9b2-469d-a9da-9c0b84f5446b','Disco sólido interno Kingston SA400S37/480G SATA III 480GB negro',16,'• Con tecnología 3D NAND.\r\n• Útil para guardar programas y documentos con su capacidad de 480 GB.\r\n• Resistente a fuertes golpes.\r\n• Tamaño de 2.5 \".\r\n• Interfaz de conexión: SATA III.\r\n• Apto para PC.\r\n• Versión: SATA.\r\n• El Kingston A400 SA400S37/480G SATA 480 GB cuenta con tecnología 3D NAND para un rendimiento optimizado y mayor durabilidad.',42495.00,0,6,1,270,6,1,'Considerado un dispositivo de alto rendimiento, la unidad en estado sólido A400 de Kingston está diseñada para las personas más exigentes. Mejora de forma notable la capacidad de respuesta de su sistema, ya que alcanza velocidades de lectura/escritura de hasta 500MB/seg y 450MB/seg. Por ende, es 10 veces más rápido que un disco duro tradicional.\r\nAl estar compuesta por una memoria flash es silenciosa y posee pocas probabilidades de tener fallas.\r\n\r\nConfianza ante todo\r\nResguardá todo tipo de información sensible a través de su sistema de seguridad incorporado. Su defensa es impenetrable.',0,'1710911299753_img.png'),('f1d38342-42ac-47f6-ae5d-c6e2d06429d8','Genius DX-120 - Calm black',13,'• Diseño ambidiestro para mayor comodidad\r\n• Sensor óptico de 1000 dpi para precisión y rapidez\r\n• Compatible con Windows y macOS\r\n• Conexión USB y cable de 1.5 m de alcance\r\n• 3 botones y rueda de desplazamiento para fácil control\r\n• Ideal para trabajo, navegación y videojuegos.',5849.00,0,6,1,79,5,1,'El Mouse Genius DX-120 en color calm black es el compañero perfecto para tu computadora. Su diseño ambidiestro lo hace cómodo para usuarios diestros y zurdos, permitiendo un uso prolongado sin fatiga. Gracias a su sensor óptico de 1000 dpi, disfrutarás de una precisión y rapidez en tus tareas diarias, ya sea navegando por internet, trabajando en documentos o disfrutando de tus videojuegos favoritos. Con sus 3 botones y rueda de desplazamiento, tendrás un control total y fácil acceso a todas las funciones de tu PC. El Mouse Genius DX-120 es compatible con Windows 7, Windows 8, Windows 10 y macOS X 10.7.4, lo que garantiza una amplia compatibilidad con diferentes sistemas operativos. Su conexión USB y cable de 1.5 metros de alcance te brindan la libertad de movimiento que necesitas en tu escritorio. No esperes más y mejora tu experiencia de navegación con el Mouse Genius DX-120.',0,'1710910774507_img.png'),('f3890a2a-573f-44d6-9afd-0fd10b7d6590','Mouse gamer de juego Logitech G G Series Lightsync G203 negro',10,'• Utiliza cable.\r\n• Tipo de alimentación inalámbrica: pilas.\r\n• Posee rueda de desplazamiento.\r\n• Con luces para mejorar la experiencia de uso.\r\n• Con sensor óptico.\r\n• Resolución de 8000dpi.',44599.00,25,12,1,22,5,1,'Para trabajar desde casa con la computadora o aprovechar los momentos de ocio, necesitás comodidad y facilidad de movimiento. Con tu Logitech G Lightsync encontrá eso que buscás en un solo aparato con la mejor tecnología.\r\n\r\nAdaptado a tus movimientos\r\nEl mouse de juego te ofrecerá la posibilidad de marcar la diferencia y sacar ventajas en tus partidas. Su conectividad y sensor suave ayudará a que te desplaces rápido por la pantalla.\r\n\r\nLa funcionalidad al alcance de tu mano\r\nEl sistema de detección de movimiento óptico te permitirá mover el cursor de una manera más precisa y sensible que en los sistemas tradicionales.\r\n\r\nPlug And Play\r\nSolo debés colocar el receptor en un puerto USB de la computadora y ya podés empezar a usarlo. No hace falta emparejar el mouse ni descargar software para utilizarlo.\r\n\r\nApto para fácil traslado\r\nNavegá rápidamente por documentos y páginas web gracias su diseño ultra delgado, ergonómico, liviano y conveniente para llevar a donde quieras o viajar.',0,'1710910339861_img.png'),('f9398a9c-9370-4fda-90f5-08bd97b7f058','Notebook Samsung Galaxy Book3 Pro 14 Intel Core I5 12 Núcleos 16gb Color Graphite',6,'• Procesador Intel i5-1340P.\r\n• Memoria RAM de 16GB.\r\n• Pantalla WQXGA+ AMOLED de 14\".\r\n• Resolución de 2880x1800 px.\r\n• Placa de video Intel Iris Xe.\r\n• Conexión wifi y bluetooth.\r\n• Cuenta con puerto USB y puerto HDMI.\r\n• Modo de sonido Dolby digital.\r\n',3431999.00,15,12,1,19,1,1,'Samsung Galaxy Book3 Pro 14 Intel Core I5 12 Núcleos 16gb Color Graphite te ofrece una experiencia de visualización cinematográfica sin interrupciones gracias a su nítida resolución 3K (2880 x 1800) y los 120 Hz supersuaves. Cada detalle cobra vida en la pantalla de 14 pulgadas. Además, cuenta con una emisión reducida de luz azul para un mayor cuidado de los ojos.\r\n\r\nEste dispositivo cuenta con un panel táctil mayor y más puertos integrados, proporcionándote la flexibilidad y versatilidad que necesitas: puertos HDMI, USB-A, microSD e incluso dos puertos Thunderbolt 4 con capacidad ultrarrápida de transferir archivos a 40 Gbps.\r\n\r\nLa batería de larga duración de 54 Wh (Nominal) te permite terminar todos tus proyectos, ofreciendo hasta 16 horas con reproducción de video. Además, puedes recuperar hasta 5,2 horas de reproducción de video en solo 30 minutos con el cargador ligero y compacto.\r\n\r\nEl sistema de cuatro altavoces del Galaxy Book3 Pro te permite captar todo con la profundidad y claridad que necesitas. Los cuatro altavoces inmersivos están sintonizados con AKG y Dolby Atmos para que cada sonido sea mejor que nunca.\r\n\r\nLas funciones inteligentes, desde la función AI Noise Cancelling mejorada hasta el encuadre automático y los efectos de fondo, se combinan con la cámara gran angular y los micrófonos con calidad de estudio para garantizar un aspecto y un sonido profesionales en cada videollamada.\r\n',0,'1708026307553_img.png'),('f960b747-52b1-4492-b918-d2e38cb12789','Teclado Inalámbrico Con Touchpad K400 Plus Logitech',10,'• Layout: QWERTY\r\n• Color del teclado: Negro\r\n• Es inalámbrico y funciona con pilas.\r\n• Incluye touchpad.\r\n• Resiste a salpicaduras.\r\n• Tipo de teclado: membrana.\r\n• Tecla plana.\r\n• Con conector USB.\r\n• Medidas: 354.3mm de ancho, 139.9mm de alto y 23.5mm de profundidad.',38999.00,0,24,1,296,4,1,'Teclado Inalámbrico Con Touchpad K400 Plus Logitech\r\n\r\nK400 Teclado inalámbrico con touchpad integrado, diseño compacto y teclas multimedia, es el teclado todo en uno que optimiza su espacio de trabajo, ya sea una sala de reuniones, una oficina, la recepción de un hotel o el mostrador de una tienda.\r\nEl radio de acción de 10 metros asegura una conexión fiable incluso en salas grandes.\r\nPor su tamaño compacto, es fácil de llevar de un lado a otro y no estorba en ningún espacio de trabajo.\r\nAumente su eficacia y productividad con accesos directos activados con las teclas F1-F12 y teclas Fn personalizables según sus necesidades con el software Logitech Options.\r\nHecho para durar, con teclas que aguantan hasta 5 millones de pulsaciones.\r\nFunciona con Windows®, Android™, Chrome™ y Linux® y es fácil de instalar, sólo hay que conectar el receptor Unifying a un puerto USB.',0,'1710909768214_img.png');
/*!40000 ALTER TABLE `products` ENABLE KEYS */;
UNLOCK TABLES;

--
-- Table structure for table `purchase_orders`
--

DROP TABLE IF EXISTS `purchase_orders`;
/*!40101 SET @saved_cs_client     = @@character_set_client */;
/*!50503 SET character_set_client = utf8mb4 */;
CREATE TABLE `purchase_orders` (
  `id_order` varchar(50) NOT NULL,
  `creation_date` date NOT NULL,
  `purchase_date` date DEFAULT NULL,
  `total_amount` decimal(10,2) NOT NULL,
  `payment_method` varchar(50) DEFAULT NULL,
  `id_state` int DEFAULT NULL,
  `id_user` varchar(50) DEFAULT NULL,
  PRIMARY KEY (`id_order`),
  KEY `id_state` (`id_state`),
  KEY `id_user` (`id_user`),
  CONSTRAINT `purchase_orders_ibfk_1` FOREIGN KEY (`id_state`) REFERENCES `order_states` (`id`),
  CONSTRAINT `purchase_orders_ibfk_2` FOREIGN KEY (`id_user`) REFERENCES `users` (`userId`)
) ENGINE=InnoDB DEFAULT CHARSET=utf8mb4 COLLATE=utf8mb4_0900_ai_ci;
/*!40101 SET character_set_client = @saved_cs_client */;

--
-- Dumping data for table `purchase_orders`
--

LOCK TABLES `purchase_orders` WRITE;
/*!40000 ALTER TABLE `purchase_orders` DISABLE KEYS */;
/*!40000 ALTER TABLE `purchase_orders` ENABLE KEYS */;
UNLOCK TABLES;

--
-- Table structure for table `users`
--

DROP TABLE IF EXISTS `users`;
/*!40101 SET @saved_cs_client     = @@character_set_client */;
/*!50503 SET character_set_client = utf8mb4 */;
CREATE TABLE `users` (
  `userId` varchar(50) NOT NULL,
  `firstName` varchar(30) NOT NULL,
  `lastName` varchar(30) NOT NULL,
  `email` varchar(50) NOT NULL,
  `password` varchar(100) NOT NULL,
  `created_at` timestamp NULL DEFAULT NULL,
  `updated_at` timestamp NULL DEFAULT NULL,
  `category` tinyint(1) DEFAULT NULL,
  `lastAccess` datetime DEFAULT NULL,
  `image` varchar(50) DEFAULT NULL,
  PRIMARY KEY (`userId`),
  UNIQUE KEY `email` (`email`)
) ENGINE=InnoDB DEFAULT CHARSET=utf8mb4 COLLATE=utf8mb4_0900_ai_ci;
/*!40101 SET character_set_client = @saved_cs_client */;

--
-- Dumping data for table `users`
--

LOCK TABLES `users` WRITE;
/*!40000 ALTER TABLE `users` DISABLE KEYS */;
INSERT INTO `users` VALUES ('0236daee-ec4f-47c9-8b1f-dce0cb7bb95e','Juan','Perez','juan@example.com','$2a$10$1fHO0r7r6APzeXJmLXds0uJjRSqwJA0wyc8p1XquGCNZUnjzmNGHq',NULL,NULL,0,'2024-03-23 01:56:12','/images/users/default-image.jpg'),('06f49c11-d7d2-4b2a-98f0-cd582c071154','Andres','Haitit','andreshaitit@gmail.com','$2a$10$Tx.LWVdjjNkYwVbMD3zU7us6lyK..x3gI5q.w4w2WOqL.DgBKf5Na',NULL,NULL,0,'2024-03-14 21:18:03','/images/users/default-image.jpg'),('17799276-26c2-4a5b-b35c-7dd4d67f1fda','Luis','Gonzales','luis@example.com','$2a$10$UV1D8KEFrr1MaARium.1KunZGVRmqx/o6NF6l2Mf5QZCyNXnGkKRO',NULL,NULL,1,'2024-03-23 01:59:12','/images/users/default-image.jpg'),('35498632-b4b2-4b7b-a52f-65fe0ff3c98f','Carlos','Martinez','carlos@example.com','$2a$10$BzVDktLEr9QrONQQP2oE2.jEQOPCN.0jhyYC3Jc87.wl1qBbP4TLq',NULL,NULL,0,'2024-03-23 01:58:27','/images/users/default-image.jpg'),('4565a517-cc4e-4c34-8f67-6b44c6e2d524','Brian','Valeriano','brian_dh@gmail.com','$2a$10$QxTFOi18IwrLpnnqtcDBPeDhEAQMCYpvXhVuHf/aqLDpkieyzcqwy',NULL,NULL,1,'2024-02-23 04:33:11','/images/users/default-image.jpg'),('483379f2-8890-491d-8433-917cfd725681','Maria','Gomez','maria@example.com','$2a$10$mBEbtuprHJLCa1XWRwrrJ.J7O37A5nZLFa5yP2cR34wx.2Ssunkgu',NULL,NULL,1,'2024-03-23 01:56:59','/images/users/default-image.jpg'),('ab1de3bb-cd0e-46c1-b867-c431128cead0','Juan','Velazques','juanvelazques@example.com','$2a$10$EU/g.E1P3U/KibNPMeRmPe6C0kFW3WPiXaakALd9izuf8ylDuXT0K',NULL,NULL,0,'2024-04-13 21:22:45','/images/users/default-image.jpg'),('f06a720f-62ea-4eec-8570-1983f1ad7acf','Ana','Lopez','ana@example.com','$2a$10$rA3Ij7AqvMqMgDcTsWK30OqYlFP6a1CuuoVn1U6Oytz3Rm.3b2DAe',NULL,NULL,0,'2024-03-23 01:57:33','/images/users/default-image.jpg');
/*!40000 ALTER TABLE `users` ENABLE KEYS */;
UNLOCK TABLES;
/*!40103 SET TIME_ZONE=@OLD_TIME_ZONE */;

/*!40101 SET SQL_MODE=@OLD_SQL_MODE */;
/*!40014 SET FOREIGN_KEY_CHECKS=@OLD_FOREIGN_KEY_CHECKS */;
/*!40014 SET UNIQUE_CHECKS=@OLD_UNIQUE_CHECKS */;
/*!40101 SET CHARACTER_SET_CLIENT=@OLD_CHARACTER_SET_CLIENT */;
/*!40101 SET CHARACTER_SET_RESULTS=@OLD_CHARACTER_SET_RESULTS */;
/*!40101 SET COLLATION_CONNECTION=@OLD_COLLATION_CONNECTION */;
/*!40111 SET SQL_NOTES=@OLD_SQL_NOTES */;

-- Dump completed on 2024-04-16 21:11:42
